Number,Kannada,in English,Mispelled Kannada
1,ಮಾಹಿತಿ,as,ಮಾಹಿತ
2,ನಾನು,I,ನಾನ
3,ಅವರ,his,ಅವರು
4,ಆ,that,ಆ್
5,ಅವರು,he,ಅವರ
6,ಆಗಿತ್ತು,was,ಆಗತ್ತು
7,ಫಾರ್,for,ಫಾರ
8,ಮೇಲೆ,on,ಮಲೆ
9,ಇವೆ,are,ಇವ
10,ಜೊತೆ,with,ಜತೆ
11,ಅವರು,they,ಅವರ
12,ಎಂದು,be,ಎಂದುೆ
13,ನಲ್ಲಿ,at,ನಲ್ಲ
14,ಒಂದು,one,ಒಂದ
15,ಹೊಂದಿವೆ,have,ಹೊದಿವೆ
16,ಈ,this,ಈೆ
17,ರಿಂದ,from,ರಿಂದು
18,ಮೂಲಕ,by,ಮೂಲಕು
19,ಬಿಸಿ,hot,ಬಿಸ
20,ಪದ,word,ಪದು
21,ಆದರೆ,but,ಆದರೆೆೆೆೇ
22,ಏನು,what,ಏನ
23,ಕೆಲವು,some,ಕೆಲವ
24,ಆಗಿದೆ,is,ಆಗದೆ
25,ಇದು,it,ಇದ
26,ನೀವು,you,ನವು
27,ಅಥವಾ,or,ಅಥವ
28,ಹೊಂದಿತ್ತು,had,ಹೊಂದಿತ
29,ದಿ,the,ದಿೆೇ
30,ನ,of,ನು
31,ಗೆ,to,ಗ
32,ಮತ್ತು,and,ಮತ
33,ಒಂದು,a,ಒಂದ
34,ರಲ್ಲಿ,in,ರಲ
35,ನಾವು,we,ನಾವ
36,ಮಾಡಬಹುದು,can,ಮಾಡಹುದು
37,ಔಟ್,out,ಔಟ
38,ಇತರ,other,ಇತರು
39,ಎಂದು,were,ಎದು
40,ಇದು,which,ಇದ
41,ಹಾಗೆ,do,ಹಾಗ
42,ತಮ್ಮ,their,ತಮ
43,ಸಮಯ,time,ಸಮೆಯ
44,ವೇಳೆ,if,ವಳೆ
45,ತಿನ್ನುವೆ,will,ತಿನ್ನುವ
46,ಹೇಗೆ,how,ಹಗೆ
47,ಹೇಳಿದರು,said,ಹಳಿದರು
48,ಒಂದು,an,ಒದು
49,ಪ್ರತಿ,each,ಪ್ರತ
50,ಹೇಳಲು,tell,ಹೇಳಲ
51,ಮಾಡುತ್ತದೆ,does,ಮಾಡುತ್ತದ
52,ಸೆಟ್,set,ಸೆಟ
53,ಮೂರು,three,ಮರು
54,ಬಯಸುವ,want,ಬಯಸವ
55,ಗಾಳಿ,air,ಗಳಿ
56,ಹಾಗೂ,well,ಹಗೂ
57,ಸಹ,also,ಸಹು
58,ಆಡಲು,play,ಆಡಲ
59,ಸಣ್ಣ,small,ಸಣ
60,ಕೊನೆಯಲ್ಲಿ,end,ಕೊನೆಯಲ್ಲ
61,ಪುಟ್,put,ಪುಟ
62,ಮನೆ,home,ಮನೆೆೇ
63,ಓದಲು,read,ಓದರು
64,ಕೈ,hand,ಕ
65,ಬಂದರು,port,ಬದರು
66,ದೊಡ್ಡ,large,ದೊಡ್
67,ಕಾಗುಣಿತ,spell,ಕಾಗುಣತ
68,ಸೇರಿಸಬಹುದು,add,ಸೇರಿಸಬಹದು
69,ಸಹ,even,ಸಹು
70,ಭೂಮಿ,land,ಭೂಮ
71,ಇಲ್ಲಿ,here,ಇಲ್ಲ
72,ಮಾಡಬೇಕಾಗುತ್ತದೆ,must,ಮಾಡಬೇಕಾಗತ್ತದೆ
73,ದೊಡ್ಡ,big,ದೊಡ
74,ಹೆಚ್ಚಿನ,high,ಹೆಚ್ಚನ
75,ಇಂತಹ,such,ಇಂತಹು
76,ಅನುಸರಿಸಿ,follow,ಅನುಸರಿ
77,ಆಕ್ಟ್,act,ಆಕ್ಟ
78,ಏಕೆ,why,ಏಕೆೆೇ
79,ಕೇಳಿ,ask,ಕಳಿ
80,ಪುರುಷರು,men,ಪರುಷರು
81,ಬದಲಾವಣೆ,change,ಬದಲಾವಣ
82,ಹೋದರು,went,ಹೋದರ
83,ಬೆಳಕಿನ,light,ಬೆಳಕನ
84,ರೀತಿಯ,kind,ರತಿಯ
85,ಆಫ್,off,ಆಫ
86,ಅಗತ್ಯವಿದೆ,need,ಅಗತ್ಯವದೆ
87,ಮನೆ,house,ಮನೆೇ
88,ಚಿತ್ರ,picture,ಚತ್ರ
89,ಪ್ರಯತ್ನಿಸಿ,try,ಪ್ರಯತ್ನಸಿ
90,ನಮಗೆ,us,ನೆಮಗೆ
91,ಮತ್ತೆ,again,ಮತ್ತ
92,ಪ್ರಾಣಿ,animal,ಪ್ರಾಣ
93,ಪಾಯಿಂಟ್,point,ಪಾಯಿಂಟ
94,ತಾಯಿ,mother,ತಾಯ
95,ವಿಶ್ವದ,world,ವಶ್ವದ
96,ಬಳಿ,near,ಬಳ
97,ನಿರ್ಮಿಸಲು,build,ನರ್ಮಿಸಲು
98,ಸ್ವಯಂ,self,ಸ್ವಯ
99,ಭೂಮಿಯ,earth,ಭಮಿಯ
100,ತಂದೆ,father,ತಂದ
101,ಯಾವುದೇ,any,ಯಾವದೇ
102,ಹೊಸ,new,ಹೊಸೆ
103,ಕೆಲಸ,work,ಹೊಸೆಾ
104,ಭಾಗ,part,ಭಗ
105,ತೆಗೆದುಕೊಳ್ಳಲು,take,ತೆಗೆದಕೊಳ್ಳಲು
106,ಪಡೆಯಲು,get,ಪಡಯಲು
107,ಸ್ಥಾನ,place,ಸ್ಥನ
108,ಮಾಡಿದ,made,ಮಡಿದ
109,ಲೈವ್,live,ಲೈವ
110,ಎಲ್ಲಿ,where,ಎಲ್ಲ
111,ನಂತರ,after,ನತರ
112,ಮತ್ತೆ,back,ಮತ್ತ
113,ಕಡಿಮೆ,little,ಕಡಿಮ
114,ಮಾತ್ರ,only,ಮಾತ
115,ಸುತ್ತಿನಲ್ಲಿ,round,ಸುತ್ತನಲ್ಲಿ
116,ವ್ಯಕ್ತಿ,man,ವ್ಯಕ್ತ
117,ವರ್ಷ,year,ವುರ್ಷ
118,ಬಂದರು,came,ಬದರು
119,ಪ್ರದರ್ಶನ,show,ಪ್ರದುರ್ಶನ
120,ಪ್ರತಿ,every,ಪ್ರುತಿ
121,ಉತ್ತಮ,good,ಉತ್ತಮೆ
122,ನನಗೆ,me,ನನಗೆೆೇ
123,ನೀಡಿ,give,ನೀಡ
124,ನಮ್ಮ,our,ನಮ
125,ಅಡಿಯಲ್ಲಿ,under,ಅಡಯಲ್ಲಿ
126,ಹೆಸರು,name,ಹೆಸರ
127,ಅತ್ಯಂತ,very,ಅತ್ಯತ
128,ಮೂಲಕ,through,ಮಲಕ
129,ಕೇವಲ,just,ಕವಲ
130,ರೂಪ,form,ರೂಪು
131,ವಾಕ್ಯ,sentence,ವಕ್ಯ
132,ಮಹಾನ್,great,ಮಹನ್
133,ನಗರದ,think,ನಗರದು
134,ಹೇಳಲು,say,ಹೇಳಲ
135,ಸಹಾಯ,help,ಸಹಾಯಾ
136,ಕಡಿಮೆ,low,ಕಡಿಮ
137,ಸಾಲು,line,ಸಾಲ
138,ಭಿನ್ನವಾಗಿರುತ್ತವೆ,differ,ಭಿನ್ನವಾಗಿರತ್ತವೆ
139,ತಿರುವು,turn,ತಿರುವ
140,ಕಾರಣ,cause,ಕಾರಣೆ
141,ಹೆಚ್ಚು,much,ಹೆಚ್ಚ
142,ಅರ್ಥ,mean,ಅರ್ಥು
143,ಮೊದಲು,before,ಮೊದಲ
144,ನಡೆಸುವಿಕೆಯನ್ನು,move,ನಡಸುವಿಕೆಯನ್ನು
145,ಬಲ,right,ಬಲು
146,ಹುಡುಗ,boy,ಹುಡುಗಿ
147,ಹಳೆಯ,old,ಹಳೆಯೆ
148,ತುಂಬಾ,too,ತುಂಬ
149,ಅದೇ,same,ಅದೆ
150,ಅವರು,she,ಅವರ
151,ಎಲ್ಲಾ,all,ಎಲ್ಲ
152,ಇಲ್ಲ,there,ಇಲ್ಲೆ
153,ಯಾವಾಗ,when,ಯಾವಗ
154,ಅಪ್,up,ಅಪ
155,ಬಳಕೆ,use,ಬಳಕ
156,ನಿಮ್ಮ,your,ನಮ್ಮ
157,ರೀತಿಯಲ್ಲಿ,way,ರೀತಯಲ್ಲಿ
158,ಬಗ್ಗೆ,about,ಬಗ್ಗ
159,ಅನೇಕ,many,ಅನೇಕಾ
160,ನಂತರ,then,ನಂತರಾ
161,ಅವುಗಳನ್ನು,them,ಅವಗಳನ್ನು
162,ಬರೆಯಲು,write,ಅವುಗಳನ್ನು
163,ಎಂದು,would,ಎಂದೆ
164,ಹಾಗೆ,like,ಹಾಗೆೇ
165,ಆದ್ದರಿಂದ,so,ಆದ್ದರಿದ
166,ಈ,these,ಈೆ
167,ತನ್ನ,her,ತನ್ನೆ
168,ಉದ್ದ,long,ಉದ
169,ಮಾಡಲು,make,ಮಡಲು
170,ವಿಷಯ,thing,ವಷಯ
171,ನೋಡಿ,see,ನೆೇಡಿ
172,ಅವರಿಗೆ,him,ಅವರಿಗು
173,ಎರಡು,two,ಎರಡ
174,ಹೊಂದಿದೆ,has,ಹೊಂದಿದ
175,ನೋಡಲು,look,ನೋಡೆಲು
176,ಹೆಚ್ಚು,more,ಹಚ್ಚು
177,ದಿನ,day,ದಿನಾ
178,ಸಾಧ್ಯವೋ,could,ಸಧ್ಯವೋ
179,ಹೋಗಿ,go,ಹೋಗಿೇ
180,ಬಂದು,come,ಬಂದ
181,ಮಾಡಿದರು,did,ಮಾಡದರು
182,ಸಂಖ್ಯೆ,number,ಸಂಖ್ಯ
183,ಧ್ವನಿ,sound,ಧ್ವನ
184,ಯಾವುದೇ,no,ಯಾವದೇ
185,ಅತ್ಯಂತ,most,ಅತ್ಯತ
186,ಜನರು,people,ಜನರ
187,ನನ್ನ,my,ನನ
188,ಮೇಲೆ,over,ಮೇಲ
189,ಗೊತ್ತು,know,ಗೊತ್ತ
190,ನೀರಿನ,water,ನೀರ
191,ಕ್ಕಿಂತ,than,ಕ್ಕಿತ
192,ಕರೆ,call,ಕರೆೇ
193,ಮೊದಲ,first,ಮೊದಲು
194,ಯಾರು,who,ಯಾರ
195,ಮೇ,may,ಮ
196,ಕೆಳಗೆ,down,ಕೆಳಗ
197,ಅಡ್ಡ,side,ಅಡ
198,ಬಂದಿದೆ,been,ಬದಿದೆ
199,ಈಗ,now,ಈಗು
200,ಹೇಗೆ,find,ಹೇಗ
201,ತಲೆ,head,ತಲೆೇ
202,ನಿಲ್ಲಲು,stand,ನಿಲ್ಲಲ
203,ಶಾಲೆ,own,ಶಾಲ
204,ಪುಟ,page,ಪುಟೆ
205,ಮಾಡಬೇಕಾದುದು,should,ಮಾಡಬೇಕದುದು
206,ದೇಶದ,country,ದೇಶದೆ
207,ಕಂಡುಬಂದಿಲ್ಲ,found,ಕಂಡುಬದಿಲ್ಲ
208,ಉತ್ತರ,answer,ಉತ್ತರು
209,ಶಾಲೆಯ,school,ಶಾಲೆಯೆ
210,ಬೆಳೆಯಲು,grow,ಬೆಳೆಯಲ
211,ಅಧ್ಯಯನ,study,ಅಧ್ಯಯನು
212,ಇನ್ನೂ,still,ಇೆನ್ನೂ
213,ತಿಳಿಯಲು,learn,ತಿಳಿಯಲ
214,ಸಸ್ಯ,plant,ಸೆಸ್ಯ
215,ಕವರ್,cover,ಕವರ
216,ಆಹಾರ,food,ಆಹಾರಾ
217,ಸೂರ್ಯ,sun,ಸುರ್ಯ
218,ನಾಲ್ಕು,four,ನಲ್ಕು
219,ನಡುವೆ,between,ನಡುವ
220,ರಾಜ್ಯ,state,ರಜ್ಯ
221,ಇರಿಸಿಕೊಳ್ಳಲು,keep,ಇರಿಸಕೊಳ್ಳಲು
222,ಕಣ್ಣಿನ,eye,ಕಣ್ಣಿನಾ
223,ಎಂದಿಗೂ,never,ಎಂದಗೂ
224,ಕಳೆದ,last,ಕಳೆದಾ
225,ಅವಕಾಶ,let,ಅವಾಕಾಶ
226,ಭಾವಿಸಲಾಗಿದೆ,thought,ಭಾವಿಸಾಲಾಗಿದೆ
227,ನಗರದ,city,ನಗರದು
228,ಮರ,tree,ಮರು
229,ದಾಟಲು,cross,ದಾಟೆಲು
230,ಕೃಷಿ,farm,ಕೃಷ
231,ಹಾರ್ಡ್,hard,ಹರ್ಡ್
232,ಆರಂಭ,start,ಆರಂಭಾ
233,ಅಧಿಕಬಲ,might,ಅಧಿಕಬಲು
234,ಕಥೆ,story,ಕಥೆೆೇ
235,ಗರಗಸದ,saw,ಗರಗಸದಾ
236,ದೂರದ,far,ದೂರದು
237,ಸಮುದ್ರ,sea,ಸಮದ್ರ
238,ಡ್ರಾ,draw,ಡ್ರ
239,ಬಿಟ್ಟು,left,ಬಟ್ಟು
240,ಕೊನೆಯ,late,ಕೊನಯ
241,ರನ್,run,ರನ
242,ಹಾಗೆ,don’t,ಹಾಗೆೆೇ
243,ಹಾಗೆಯೇ,while,ಹಾಗಯೇ
244,ಪತ್ರಿಕಾ,press,ಪತ್ರಿಕ
245,ಹತ್ತಿರ,close,ಹತ್ತಿರು
246,ರಾತ್ರಿ,night,ರಾತ್ರ
247,ನಿಜವಾದ,real,ನಿಜವಾದು
248,ಜೀವನ,life,ಜೀವನು
249,ಕೆಲವು,few,ಕೆಲವ
250,ಉತ್ತರ,north,ಉತ್ತರು
251,ಪುಸ್ತಕ,book,ಪಸ್ತಕ
252,ಸಾಗಿಸುವ,carry,ಸಗಿಸುವ
253,ತೆಗೆದುಕೊಂಡಿತು,took,ತೆಗೆದುಕಾಡಿತು
254,ವಿಜ್ಞಾನ,science,ವಿಜ್ನನ
255,ತಿನ್ನಲು,eat,ತಿನ್ಲು
256,ಕೊಠಡಿ,room,ಕಠಡಿ
257,ಸ್ನೇಹಿತ,friend,ಸನೆಹಿತಾ
258,ಆರಂಭಿಸಿದರು,began,ಅರಾಮಬಿಸಿದಾರು
259,ಕಲ್ಪನೆ,idea,ಕಲಾಪನ
260,ಮೀನು,fish,ಮೇನು
261,ಪರ್ವತ,mountain,ಪವತ
262,ನಿಲ್ಲಿಸಲು,stop,ನಿಲಸಾಲು
263,ಒಮ್ಮೆ,once,ೊಮೆ
264,ಮೂಲ,base,ಮೊಲ
265,ಕೇಳಲು,hear,ಕೀಳಲು
266,ಕುದುರೆ,horse,ಕುದರೆ
267,ಕಟ್,cut,ಕುತ
268,ಖಚಿತವಾಗಿ,sure,ಖಚಿತವಾಗೆ
269,ವೀಕ್ಷಿಸಲು,watch,ವೆಕ್ಷಿಸಲು
270,ಬಣ್ಣ,color,ಬಾಣಾ
271,ಮುಖ,face,ಮೊಖಾ
272,ಮರದ,wood,ಮರಾದ
273,ಮುಖ್ಯ,main,ಮುಕಯಾ
274,ತೆರೆದ,open,ತೆರಾದ
275,ತೋರುತ್ತದೆ,seem,ತೊರತ್ತದೆ
276,ಒಟ್ಟಿಗೆ,together,ೊಥಿಗೆ
277,ಮುಂದಿನ,next,ಮುನದಿನಾ
278,ಬಿಳಿ,white,ಬಿಲಿ
279,ಮಕ್ಕಳ,children,ಮಕ್ಳ
280,ಆರಂಭಿಸಲು,begin,ಆರಂಭಿಸಿಲು
281,ಸಿಕ್ಕಿತು,got,ಸಿಕತು
282,ನಡೆಯಲು,walk,ನಾದೆಯಾಲು
283,ಉದಾಹರಣೆಗೆ,example,ುದಾಹಾರೆನೆಗೆ
284,ಸರಾಗಗೊಳಿಸುವ,ease,ಸರಾಗಗೊಳಿಸವ
285,ಕಾಗದದ,paper,ಕಾಗಾದಾ
286,ಗುಂಪು,group,ಗುಮಪು
287,ಯಾವಾಗಲೂ,always,ಯಾವಾಗಲು
288,ಸಂಗೀತ,music,ಸಾನಗೇತಾ
289,ಆ,those,ಅ
290,ಎರಡೂ,both,ೆರಾದು
291,ಮಾರ್ಕ್,mark,ಮಾರಕ
292,ಸಾಮಾನ್ಯವಾಗಿ,often,ಸಾಮಾನಯಾವಾಗಿ
293,ಪತ್ರ,letter,ಪಾತರಾ
294,ರವರೆಗೆ,until,ರವರಿಗೆ
295,ಮೈಲಿ,mile,ಮಾಿಲಿ
296,ನದಿ,river,ನಾದಿ
297,ಕಾರು,car,ಕಾರ
298,ಅಡಿ,feet,ಾದಿ
299,ಆರೈಕೆ,care,ಅಾರಾಿಕೆ
300,ಎರಡನೇ,second,ೆರುದಾನೆ
301,ಸಾಕಷ್ಟು,enough,ಸಾಕಾಸಹತು
302,ಸರಳ,plain,ಸಾರಲ
303,ಹುಡುಗಿ,girl,ಹುದುಗಿ
304,ಸಾಮಾನ್ಯ,usual,ಸಾಮಾನ್ಯಾ
305,ಯುವ,young,ಯುವಾ
306,ಸಿದ್ಧ,ready,ಸಿಧಾ
307,ಮೇಲೆ,above,ಮೆಲೆ
308,ಇದುವರೆಗೆ,ever,ಿದುವಾರೆಗೆ
309,ಕೆಂಪು,red,ಕೆಮೊು
310,ಪಟ್ಟಿ,list,ಪಾಥಿ
311,ಆದರೂ,though,ಆದರೂ
312,ಅಭಿಪ್ರಾಯ,feel,ಅಬಹಿಪರಯಾ
313,ಚರ್ಚೆ,talk,ಚರ್ಚ್
314,ಹಕ್ಕಿ,bird,ಹಖಿ
315,ಶೀಘ್ರದಲ್ಲೇ,soon,ಸಿಗರಾದಾಳೆ
316,ದೇಹದ,body,ದೆಹದ
317,ನಾಯಿ,dog,ನಾಯ
318,ಕುಟುಂಬ,family,ಕುತುಮಬಾ
319,ನೇರ,direct,ನೆರಾ
320,ಭಂಗಿ,pose,ಬಾನಗಿ
321,ಬಿಟ್ಟು,leave,ಬಿಟು
322,ಹಾಡು,song,ಹಾದು
323,ಅಳೆಯಲು,measure,ಅಲಾಯಾು
324,ಬಾಗಿಲು,door,ಭಾಗಿಲು
325,ಉತ್ಪನ್ನ,product,ಉತಪಾಣಾ
326,ಕಪ್ಪು,black,ಕಾಫು
327,ಸಣ್ಣ,short,ಸಾಣಾ
328,ಸಂಖ್ಯಾವಾಚಕ,numeral,ಸಂಖ್ಯಾವಾಕ
329,ವರ್ಗ,class,ವಾರಗಾ
330,ಗಾಳಿ,wind,ಗಾಲಿ
331,ಪ್ರಶ್ನೆ,question,ಪರಾಸನೆ
332,ಸಂಭವಿಸಿ,happen,ಸಂಭವಿಸೀ
333,ಸಂಪೂರ್ಣ,complete,ಸಾಮಪುರನಾ
334,ಹಡಗು,ship,ಹಾದಾಗು
335,ಪ್ರದೇಶ,area,ಪ್ರದೆಶ
336,ಅರ್ಧ,half,ಅರದಾ
337,ರಾಕ್,rock,ರಾಕ
338,ಆದೇಶ,order,ಆದೆಶ
339,ಬೆಂಕಿ,fire,ಬೆನಕಿ
340,ದಕ್ಷಿಣ,south,ಡಕಸಿನಾ
341,ಸಮಸ್ಯೆ,problem,ಸಾಮಾಸಯೆ
342,ತುಣುಕು,piece,ತುನುಕು
343,ಹೇಳಿದರು,told,ಹೆಳಿದರು
344,ತಿಳಿದಿತ್ತು,knew,ತಿಲಿದಿತ್ತು
345,ಪಾಸ್,pass,ಪಾಸ
346,ರಿಂದ,since,ರಿನದ
347,ಟಾಪ್,top,ತೊಪ
348,ಇಡೀ,whole,ಇದಿ
349,ರಾಜ,king,ರಾಜಾ
350,ರಸ್ತೆ,street,ರಸತೆ
351,ಇಂಚು,inch,ಇನಚಹ
352,ಗುಣಿಸಿ,multiply,ಗುನಿಸಿ
353,ಏನೂ,nothing,ಯೆನೂ
354,ಕೋರ್ಸ್,course,ಕೊರಸ
355,ಉಳಿಯಲು,stay,ಉಲಿಯಾಲು
356,ಚಕ್ರ,wheel,ಚಾಕರಾ
357,ಪೂರ್ಣ,full,ಪುರನಾ
358,ಶಕ್ತಿ,force,ಸಾಕತಿ
359,ನೀಲಿ,blue,ನೇಲಿ
360,ವಸ್ತು,object,ವಾಸತು
361,ನಿರ್ಧರಿಸಲು,decide,ನಿರದಾರಿಸಾಲು
362,ಮೇಲ್ಮೈ,surface,ಮೆಲಮಾಿ
363,ಆಳವಾದ,deep,ಅಳವಾದಾ
364,ಚಂದ್ರ,moon,ಛಾನದರಾ
365,ದ್ವೀಪದ,island,ಡವೇಪಾದಾ
366,ಕಾಲು,foot,ಖಾಲು
367,ವ್ಯವಸ್ಥೆಯ,system,ವ್ಯವಸ್ಥೆಯಾ
368,ಬಿಡುವಿಲ್ಲದ,busy,ಬಿಡುವಲ್ದದ
369,ಟೆಸ್ಟ್,test,ತೆಸತ
370,ದಾಖಲೆ,record,ಡಾಕಾಲೆ
371,ದೋಣಿ,boat,ದೊನಿ
372,ಸಾಮಾನ್ಯ,common,ಸಾಮಾನಯಾ
373,ಚಿನ್ನದ,gold,ಚಹಿಣಾದಾ
374,ಸಾಧ್ಯ,possible,ಸಾದಯಾ
375,ವಿಮಾನ,plane,ವಿಮಾನಾ
376,ಮುಂದಿನ,next,ಮುನದಿನಾ
377,ಒಣ,dry,ಒನಾ
378,ಆಶ್ಚರ್ಯ,wonder,ಅಸ್ಚರಯಾ
379,ನಗು,laugh,ನಾಗು
380,ಸಾವಿರ,thousand,ಶಾವಿರಾ
381,ಹಿಂದೆ,ago,ಹಿನದೆ
382,ಓಡಿ,ran,ಒದಿ
383,ಪರಿಶೀಲಿಸಿ,check,ಪರಿಸೆಲಿಸಿ
384,ಆಟದ,game,ಅತಾದ
385,ಆಕಾರ,shape,ಅಕಾರಾ
386,ಪೂರಕವಾಗಿಲ್ಲ,equate,ಪೂರಕವಾಗಿಲ್
387,ಬಿಸಿ,hot,ಬಿಸೆ
388,ಮಿಸ್,miss,ಮಿಶ
389,ತಂದರು,brought,ತಾನದರು
390,ಶಾಖ,heat,ಸಾಖ
391,ಹಿಮ,snow,ಹಿಮಾ
392,ಟೈರ್,tire,ತಿರೆ
393,ತರಲು,bring,ತಾರಲು
394,ಹೌದು,yes,ಹೊುದು
395,ದೂರದ,distant,ದುರಾದಾ
396,ತುಂಬಲು,fill,ತುಮಬಾಲು
397,ಪೂರ್ವ,east,ಪುರವಾ
398,ಬಣ್ಣ,paint,ಬಾಣಾ
399,ಭಾಷೆ,language,ಬಾಸೆ
400,ನಡುವೆ,among,ನಾದುವೆ
401,ಘಟಕ,unit,ಘತಕ
402,ವಿದ್ಯುತ್,power,ವಿದ್ಯುತ
403,ಪಟ್ಟಣದ,town,ಪಾಥಾನದ
404,ದಂಡ,fine,ದನಡ
405,ಕೆಲವು,certain,ಕೆಲವ
406,ಹಾರುವ,fly,ಹರುವ
407,ಬೀಳುತ್ತವೆ,fall,ಬೀಳತ್ತವೆ
408,ದಾರಿ,lead,ದಾರ
409,ಕೂಗು,cry,ಕೂಗ
410,ಡಾರ್ಕ್,dark,ಡಾರ್ಕ
411,ಯಂತ್ರ,machine,ಯಂತರ
412,ಟಿಪ್ಪಣಿ,note,ಟಿಪಪಣಿ
413,ನಿರೀಕ್ಷಿಸಿ,wait,ನಿರಕ್ಷಿಸಿ
414,ಯೋಜನೆ,plan,ಯಜನೆ
415,ವ್ಯಕ್ತಿ,figure,ವ್ಯಕತಿ
416,ನಕ್ಷತ್ರ,star,ನಕಷತರ
417,ಬಾಕ್ಸ್,box,ಬಾಕಸ
418,ನಾಮಪದ,noun,ನಮಪದ
419,ಕ್ಷೇತ್ರ,field,ಕ್ಷತ್ರ
420,ಉಳಿದ,rest,ಉಳದ
421,ಸರಿಯಾದ,correct,ಸರಯಾದ
422,ಸಾಧ್ಯವಾಗುತ್ತದೆ,able,ಸಧ್ಯವಾಗುತತದೆ
423,ಪೌಂಡ್,pound,ಪೌಂಡ
424,ಮಾಡಲಾಗುತ್ತದೆ,done,ಮಡಲಾಗುತತದೆ
425,ಸೌಂದರ್ಯ,beauty,ಸೌಂದರಯ
426,ಡ್ರೈವ್,drive,ಡ್ರವ್
427,ನಿಂತು,stood,ನಿಂತ
428,ಹೊಂದಿರಬೇಕು,contain,ಹೊಂದಿರಬಕು
429,ಮುಂದೆ,front,ಮುಂದ
430,ಕಲಿಸಲು,teach,ಕಲಸಲು
431,ವಾರ,week,ವರ
432,ಅಂತಿಮ,final,ಅಂತಮ
433,ನೀಡಿದರು,gave,ನೀಡದರ
434,ಹಸುರು,green,ಹಸರು
435,ಓಹ್,oh,ಓಹ
436,ತ್ವರಿತ,quick,ತವರಿತ
437,ಅಭಿವೃದ್ಧಿ,develop,ಅಭಿವದ್ಧ
438,ಸಾಗರ,ocean,ಸಗರ
439,ಬೆಚ್ಚಗಿನ,warm,ಬೆಚಚಗನ
440,ಉಚಿತ,free,ಉಚತ
441,ನಿಮಿಷದ,minute,ನಿಮಷದ
442,ಪ್ರಬಲ,strong,ಪರಬಲ
443,ವಿಶೇಷ,special,ವಶೇಷ
444,ಮನಸ್ಸು,mind,ಮನಸ್ಸು
445,ಹಿಂದೆ,behind,ಹಿಂದ
446,ಸ್ಪಷ್ಟ,clear,ಸ್ಪಷಟ
447,ಬಾಲ,tail,ಬಲ
448,ಉತ್ಪತ್ತಿ,produce,ಉತಪತತಿ
449,ವಾಸ್ತವವಾಗಿ,fact,ವಾಸ್ತವವಾಗ
450,ಸ್ಪೇಸ್,space,ಸಪೇಸ
451,ಕೇಳಿದ,heard,ಕೇಳದ
452,ಉತ್ತಮ,best,ಉತತಮ
453,ಗಂಟೆ,hour,ಗಂಟ
454,ಉತ್ತಮ,better,ಉತಮ
455,ನಿಜ,TRUE,ನಜ
456,ಸಮಯದಲ್ಲಿ,during,ಸಮಯದಲಲಿ
457,ನೂರು,hundred,ನರು
458,ಐದು,five,ಐದ
459,ನೆನಪಿಡಿ,remember,ನೆನಪಿಡ
460,ಹಂತ,step,ಹನತ
461,ಆರಂಭಿಕ,early,ಆರಂಭಕ
462,ಹಿಡಿದುಕೊಳ್ಳಿ,hold,ಹಿಡದುಕೊಳಳಿ
463,ಪಶ್ಚಿಮ,west,ಪಶಚಮ
464,ನೆಲದ,ground,ನಲದ
465,ಆಸಕ್ತಿ,interest,ಆಸಕತಿ
466,ತಲುಪಲು,reach,ತಲಪಲು
467,ವೇಗವಾಗಿ,fast,ವೇಗವಾಗ
468,ಕ್ರಿಯಾಪದ,verb,ಕರಿಯಪದ
469,ಹಾಡಲು,sing,ಹಾಡಲ
470,ಕೇಳಲು,listen,ಕಳಲು
471,ಆರು,six,ಆರ
472,ಟೇಬಲ್,table,ಟಬಲ
473,ಪ್ರವಾಸ,travel,ಪ್ರವಸ
474,ಕಡಿಮೆ,less,ಕಡಮೆ
475,ಬೆಳಿಗ್ಗೆ,morning,ಬೆಳಗ್ಗೆ
476,ಹತ್ತು,ten,ಹತ್ತ
477,ಸರಳ,simple,ಸರಲಾ
478,ಹಲವಾರು,several,ಹಲವರು
479,ಸ್ವರ,vowel,ಸವರ
480,ಕಡೆಗೆ,toward,ಕಡಗೆ
481,ಯುದ್ಧ,war,ಯದ್ಧ
482,ಲೇ,lay,ಲಾಯ
483,ವಿರುದ್ಧ,against,ವರುದಧ
484,ಮಾದರಿ,pattern,ಮಾದರ
485,ನಿಧಾನ,slow,ನಧಾನ
486,ಸೆಂಟರ್,center,ಸೆಂಟರ
487,ಪ್ರೀತಿ,love,ಪರೀತಿ
488,ವ್ಯಕ್ತಿ,person,ವಯಕತಿ
489,ಹಣ,money,ಹೆನ
490,ಸೇವೆ,serve,ಸೆವೆ
491,ದೂರವಾಣಿ,appear,ದೂರವಾಣ
492,ರಸ್ತೆ,road,ರಸತೆ
493,ನಕ್ಷೆ,map,ನಕಷೆ
494,ಮಳೆ,rain,ಮಳ
495,ನಿಯಮ,rule,ನಯಮ
496,ಆಡಳಿತ,govern,ಆಡಳತ
497,ಪುಲ್,pull,ಪುಲ
498,ಶೀತ,cold,ಶತ
499,ಸೂಚನೆ,notice,ಸೂಚನ
500,ಧ್ವನಿ,voice,ಧವನ
501,ಶಕ್ತಿ,energy,ಶಕ್ತ
502,ಬೇಟೆ,hunt,ಬೇಟೇ
503,ಬಹುಶಃ,probable,ಬಹುಶಯ
504,ಹಾಸಿಗೆ,bed,ಹಾಸಿಗ
505,ಸಹೋದರ,brother,ಸಹೋವರ
506,ಮೊಟ್ಟೆ,egg,ಮಟ್ಟೆ
507,ಸವಾರಿ,ride,ಸವರಿ
508,ಸೆಲ್,cell,ಸೆಲ
509,ನಂಬಿಕೆ,believe,ನಂಬಕೆ
510,ಬಹುಶಃ,perhaps,ಬಹಶಃ
511,ಆಯ್ಕೆ,pick,ಅಯ್
512,ಹಠಾತ್,sudden,ಹಠತ್
513,ಎಣಿಕೆ,count,ಎಣಕ
514,ಚದರ,square,ಚದರಿ
515,ಕಾರಣ,reason,ಕರಣ
516,ಉದ್ದ,length,ಉದ್
517,ಪ್ರತಿನಿಧಿಸುತ್ತವೆ,represent,ಪ್ರತನಧಿಸುತ್ತವೆ
518,ಕಲೆ,art,ಕಲ
519,ವಿಷಯದ,subject,ವಷಯದ
520,ಪ್ರದೇಶದಲ್ಲಿ,region,ಪ್ರದೇಶದಲ
521,ಗಾತ್ರ,size,ಗತ
522,ಬದಲಾಗುತ್ತವೆ,vary,ಬದಲಗುತ್ತವೆ
523,ಇತ್ಯರ್ಥ,settle,ಇತರ್ಥ
524,ಮಾತನಾಡಲು,speak,ಮತನಾಡಲ
525,ತೂಕದ,weight,ತಕದ
526,ಸಾಮಾನ್ಯ,general,ಸಮಾನ್ಯ
527,ಐಸ್,ice,ಐಸ
528,ಮ್ಯಾಟರ್,matter,ಮ್ಯಾಟರ
529,ವೃತ್ತದ,circle,ವತ್ತದ
530,ಜೋಡಿ,pair,ಜಡಿ
531,ಸೇರಿವೆ,include,ಸರಿವೆ
532,ವಿಭಜನೆಯನ್ನು,divide,ವಿಭಜನೆಯನ
533,ಉಚ್ಚಾರಗಳು,syllable,ಉಚರಗಳ
534,ಅಭಿಪ್ರಾಯ,felt,ಅಭಿಪಯ
535,ಮಹೋನ್ನತ,grand,ಮಹನತ
536,ಚೆಂಡನ್ನು,ball,ಚೆಂಡನ
537,ಇನ್ನೂ,yet,ಇನ
538,ತರಂಗ,wave,ತರಂಗ
539,ಬಿಡಿ,drop,ಬಿಡ
540,ಹೃದಯ,heart,ಹದಯ
541,ನಾನು,am,ನನು
542,ಪ್ರಸ್ತುತ,present,ಪಸ್ತುತ
543,ಭಾರೀ,heavy,ಭಾರ
544,ನೃತ್ಯ,dance,ನೃತ
545,ಎಂಜಿನ್,engine,ಎಂಜನ್
546,ಸ್ಥಾನ,position,ಸ್ಥನ
547,ಕೈ,arm,ಕ
548,ವ್ಯಾಪಕ,wide,ವ್ಯಪಕ
549,ಪಟ,sail,ಪಠಾ
550,ವಸ್ತು,material,ವಸ್ತ
551,ಕ,fraction,ಕ
552,ಅರಣ್ಯ,forest,ಅರಣ್
553,ಕುಳಿತು,sit,ಕುಳಿತ
554,ಓಟದ,race,ಓಠಾದ
555,ವಿಂಡೋ,window,ವಿಡೋ
556,ಅಂಗಡಿ,store,ಅಂಗಡ
557,ಬೇಸಿಗೆ,summer,ಬಸಿಗೆ
558,ರೈಲು,train,ರಲು
559,ನಿದ್ರೆ,sleep,ನದ್ರೆ
560,ಸಾಬೀತು,prove,ಸಾಬೀತ
561,ಒಂಟಿ,lone,ಒಂಟ
562,ಲೆಗ್,leg,ಲೆಗ
563,ವ್ಯಾಯಾಮ,exercise,ವ್ಯಯಾಮ
564,ಗೋಡೆಯ,wall,ಗಡೆಯ
565,ಕ್ಯಾಚ್,catch,ಕ್ಯಾಚ
566,ಆರೋಹಣ,mount,ಆರಹಣ
567,ಬಯಸುವ,wish,ಬಯಸವ
568,ಆಕಾಶ,sky,ಆಕಶ
569,ಬೋರ್ಡ್,board,ಬರ್ಡ್
570,ಸಂತೋಷ,joy,ಸತೋಷ
571,ಚಳಿಗಾಲದ,winter,ಚಳಗಾಲದ
572,ಶನಿ,sat,ಶನ
573,ಬರೆದ,written,ಬರುದ
574,ಕಾಡು,wild,ಕಾಡ
575,ವಾದ್ಯ,instrument,ವಾದ
576,ಇದ್ದರು,kept,ಇದ್ದರ
577,ಗಾಜಿನ,glass,ಗಜಿನ
578,ಹುಲ್ಲು,grass,ಹಲ್ಲ
579,ಹಸುವಿನ,cow,ಹಸವಿನ
580,ಕೆಲಸ,job,ಕಲಸ
581,ಅಂಚಿನ,edge,ಅಂಚನ
582,ಸೈನ್,sign,ಸೈನ
583,ಭೇಟಿ,visit,ಭೇಟ
584,ಕಳೆದ,past,ಕಳದ
585,ಮೃದು,soft,ಮೃದ
586,ಮೋಜಿನ,fun,ಮಜಿನ
587,ಪ್ರಕಾಶಮಾನವಾದ,bright,ಪ್ರಕಶಮಾನವದ
588,ಅನಿಲ,gas,ಅನಲ
589,ಹವಾಮಾನ,weather,ಹವಾಮನ
590,ತಿಂಗಳು,month,ತಗಳು
591,ಮಿಲಿಯನ್,million,ಮಿಲಿಯನ
592,ಕರಡಿ,bear,ಕರಡ
593,ಅಂತಿಮ,finish,ಅಂತಮ
594,ಸಂತೋಷ,happy,ಸಂತಷ
595,ಭಾವಿಸುತ್ತೇವೆ,hope,ಭಾವಿಸುತವೆ
596,ಹೂವಿನ,flower,ಹವಿನ
597,ಬಟ್ಟೆಗೆ,clothe,ಬಟ್ಟಗೆ
598,ವಿಚಿತ್ರ,strange,ವಚಿತ್ರ
599,ಹೋದ,gone,ಹದ
600,ವ್ಯಾಪಾರ,trade,ವ್ಯಪಾರ
601,ಮಧುರ,melody,ಮಧರ
602,ಮಧುರ,melody,ಮಧುರಿ
603,ಕಚೇರಿ,office,ಕಚರಿ
604,ಸ್ವೀಕರಿಸಲು,receive,ಸ್ವೀಕರಸಲು
605,ಸಾಲು,row,ಸಲು
606,ಬಾಯಿ,mouth,ಬಾಯ
607,ನಿಖರ,exact,ನಖರ
608,ಚಿಹ್ನೆ,symbol,ಚಿಹ
609,ಸಾಯುವ,die,ಸಾಯವ
610,ಕನಿಷ್ಠ,least,ಕನಿಷ
611,ತೊಂದರೆ,trouble,ತೊಂದರ
612,ಕೂಗು,shout,ಕೂಗ
613,ಹೊರತುಪಡಿಸಿ,except,ಹರತುಪಡಿಸಿ
614,ಬರೆದ,wrote,ಬರದ
615,ಬೀಜ,seed,ಬಜ
616,ಟೋನ್,tone,ಟನ
617,ಸೇರಲು,join,ಸೇರಲ
618,ಸಲಹೆ,suggest,ಸಲಹ
619,ಕ್ಲೀನ್,clean,ಕ್ಲನ್
620,ಬ್ರೇಕ್,break,ಬ್ರಕ್
621,ಮಹಿಳೆ,lady,ಮಹಳೆ
622,ಹೊಲದಲ್ಲಿ,yard,ಹೊಲದಲ
623,ಏರಿಕೆ,rise,ಏರಕೆ
624,ಕೆಟ್ಟ,bad,ಕೆಟ
625,ಬ್ಲೋ,blow,ಬ
626,ತೈಲ,oil,ತಲ
627,ರಕ್ತ,blood,ರಕ
628,ಟಚ್,touch,ಟಚ
629,ಬೆಳೆಯಿತು,grew,ಬೆಳೆಯಿತ
630,ಶೇ,cent,ಶ
631,ಮಿಶ್ರಣ,mix,ಮಶ್ರಣ
632,ತಂಡ,team,ತಂದ
633,ತಂತಿ,wire,ತಂತ
634,ವೆಚ್ಚ,cost,ವೆಚ
635,ಕಳೆದು,lost,ಕಳದು
636,ಕಂದು,brown,ಕಂದ
637,ಭಾಷೆಗಳು,wear,ಭಷೆಗಳು
638,ತೋಟದ,garden,ತಟದ
639,ಸಮಾನ,equal,ಸಮನ
640,ಕಳುಹಿಸಿದ,sent,ಕಳಹಸಿದ
641,ಆಯ್ಕೆ,choose,ಆಯ್ಕ
642,ಕುಸಿಯಿತು,fell,ಕಸಿಯಿತು
643,ಸರಿಹೊಂದದ,fit,ಸರಹೊಂದದ
644,ಹರಿಯುವಂತೆ,flow,ಹರಿಯವಂತೆ
645,ನ್ಯಾಯೋಚಿತ,fair,ನಯೋಚಿತ
646,ಬ್ಯಾಂಕ್,bank,ಬ್ಯಾಂಕ
647,ಸಂಗ್ರಹಿಸಲು,collect,ಸಂಗಹಿಸಲು
648,ಉಳಿಸಲು,save,ಉಳಸಲ
649,ನಿಯಂತ್ರಣ,control,ನಿಯಂತಣ
650,ದಶಮಾಂಶ,decimal,ದಶಮಾಶ
651,ಕಿವಿ,ear,ಕವಿ
652,ಬೇರೆ,else,ಬೇರ
653,ಸಾಕಷ್ಟು,quite,ಸಕಷ್ಟು
654,ಮುರಿಯಿತು,broke,ಮುರಯಿತು
655,ಸಂದರ್ಭದಲ್ಲಿ,case,ಸಂದರ್ಭದಲ
656,ಮಧ್ಯಮ,middle,ಮಧಮ
657,ಕೊಲ್ಲಲು,kill,ಕೊಲ್ಲಲ
658,ಮಗ,son,ವಗ
659,ಸರೋವರದ,lake,ಸರವರದ
660,ಕ್ಷಣ,moment,ಕಣ
661,ಪ್ರಮಾಣದ,scale,ಪಮಾಣದ
662,ಜೋರಾಗಿ,loud,ಜೋರಾಗ
663,ವಸಂತ,spring,ವಸತ
664,ಗಮನಿಸಿ,observe,ಗಮನಸಿ
665,ಮಗು,child,ಮಗ
666,ನೇರ,straight,ನರ
667,ವ್ಯಂಜನ,consonant,ವ್ಯಜನ
668,ರಾಷ್ಟ್ರದ,nation,ರಾಷ್ಟ್ರದ
669,ನಿಘಂಟು,dictionary,ನಘಂಟು
670,ಹಾಲು,milk,ಹಾಲ
671,ವೇಗ,speed,ವಗ
672,ವಿಧಾನ,method,ವಿಧನ
673,ಅಂಗ,organ,ಅಂಗಿ
674,ಪಾವತಿ,pay,ಪವತಿ
675,ವಯಸ್ಸು,age,ವಯಸ
676,ವಿಭಾಗ,section,ವಭಾಗ
677,ಉಡುಗೆ,dress,ಉಡಗೆ
678,ಮೋಡದ,cloud,ಮಡದ
679,ಅನಿರೀಕ್ಷಿತ,surprise,ಅನರೀಕ್ಷಿತ
680,ಸ್ತಬ್ಧ,quiet,ಸ್ತಬ
681,ಕಲ್ಲು,stone,ಕಲ್ಲ
682,ಸಣ್ಣ,tiny,ಸಣ್
683,ಏರಿಕೆಗೆ,climb,ಏರಕೆಗೆ
684,ತಂಪಾಗಿದೆ,cool,ತಂಪಗಿದೆ
685,ವಿನ್ಯಾಸ,design,ವನ್ಯಾಸ
686,ಕಳಪೆ,poor,ಕಳಪ
687,ಬಹಳಷ್ಟು,lot,ಬಹಳಷ್ಟ
688,ಪ್ರಯೋಗ,experiment,ಪಯೋಗ
689,ಕೆಳಗೆ,bottom,ಕಳಗ
690,ಪ್ರಮುಖ,key,ಪ್ರಮಖ
691,ಕಬ್ಬಿಣದ,iron,ಕಬ್ಬಿಣದ
692,ಏಕ,single,ಏಕ್
693,ಸ್ಟಿಕ್,stick,ಸ್ಟಿಕ
694,ಫ್ಲಾಟ್,flat,ಫ್ಲಾಟ
695,ಇಪ್ಪತ್ತು,twenty,ಇಪ್ಪತ್ತ
696,ಚರ್ಮದ,skin,ಚಮದ
697,ಸ್ಮೈಲ್,smile,ಸ್ಮೈಲ
698,ಕ್ರೀಸ್,crease,ಕ್ರಸ್
699,ರಂಧ್ರ,hole,ರಂಧ್
700,ಜಿಗಿತವನ್ನು,jump,ಜಗಿತವನ್ನು
701,ಬೇಬಿ,baby,ಬೇಬ
702,ಎಂಟು,eight,ಎಂಟ
703,ಹಳ್ಳಿಯ,village,ಹಳ್ಳಯ
704,ಭೇಟಿ,meet,ಭೇಟ
705,ಮೂಲ,root,ಮಲ
706,ಖರೀದಿ,buy,ಖರದಿ
707,ಹೆಚ್ಚಿಸಲು,raise,ಹೆಚ್ಚಸಲು
708,ಪರಿಹರಿಸಲು,solve,ಪರಹರಿಸಲು
709,ಲೋಹದ,metal,ಲಹದ
710,ಎಂಬುದನ್ನು,whether,ಎಂಬದನ್ನು
711,ಪುಶ್,push,ಪುಶ
712,ಏಳು,seven,ಏಳ
713,ಪ್ಯಾರಾಗ್ರಾಫ್,paragraph,ಪ್ಯರಾಗ್ರಾಫ್
714,ಮೂರನೇ,third,ಮರನೇ
715,ಶಲ್,shall,ಶಲ
716,ನಡೆದ,held,ನಡದ
717,ಕೂದಲು,hair,ಕದಲು
718,ವಿವರಿಸಲು,describe,ವಿವರಿಸಲ
719,ಅಡುಗೆ,cook,ಅಡಗೆ
720,ನೆಲದ,floor,ನಲದ
721,ಎರಡೂ,either,ಎರಡ
722,ಪರಿಣಾಮವಾಗಿ,result,ಪರಿಣಾಮವಾಗ
723,ಬರ್ನ್,burn,ಬರ್ನ
724,ಬೆಟ್ಟದ,hill,ಬೆಟದ
725,ಸುರಕ್ಷಿತ,safe,ಸರಕ್ಷಿತ
726,ಬೆಕ್ಕು,cat,ಬೆಕ್ಕ
727,ಶತಮಾನದ,century,ಶತಮನದ
728,ಪರಿಗಣಿಸಲು,consider,ಪರಗಣಿಸಲು
729,ಮಾದರಿ,type,ಮಾದರ
730,ಕಾನೂನು,law,ಕಾನನು
731,ಸ್ವಲ್ಪ,bit,ಸ್ವಲ
732,ಕರಾವಳಿ,coast,ಕರವಳಿ
733,ಪ್ರತಿಯನ್ನು,copy,ಪತಿಯನ್ನು
734,ನುಡಿಗಟ್ಟು,phrase,ನಡಿಗಟ್ಟು
735,ಮೂಕ,silent,ಮಕ
736,ಎತ್ತರದ,tall,ಎತ್ರದ
737,ಮರಳು,sand,ಮರಳ
738,ಮಣ್ಣಿನ,soil,ಮಣ್ಣನ
739,ರೋಲ್,roll,ರೋಲ
740,ತಾಪಮಾನ,temperature,ತಪಮಾನ
741,ಬೆರಳು,finger,ಬೆರಳ
742,ಉದ್ಯಮ,industry,ಉದಮ
743,ಮೌಲ್ಯ,value,ಮಲ್ಯ
744,ಹೋರಾಟ,fight,ಹೋರಟ
745,ಸುಳ್ಳು,lie,ಸಳ್ಳು
746,ಬೀಟ್,beat,ಬಟ್
747,ಪ್ರಚೋದಿಸಲು,excite,ಪ್ರಚೋದಿಸಲ
748,ನೈಸರ್ಗಿಕ,natural,ನಸರ್ಗಿಕ
749,ವೀಕ್ಷಿಸಿ,view,ವಕ್ಷಿಸಿ
750,ಅರ್ಥದಲ್ಲಿ,sense,ಅರ್ಥದಲ
751,ಬಂಡವಾಳ,capital,ಬಂಡವಾಳಾ
752,ತಿನ್ನುವೆ,won’t,ತಿನ್ನುವೆಾ
753,ಕುರ್ಚಿ,chair,ಕುರ್ಚಿವ
754,ಅಪಾಯ,danger,ಅಪಾ
755,ಹಣ್ಣು,fruit,ಹಣ್ಣುಾ
756,ಶ್ರೀಮಂತ,rich,ಶ್ರೀಮಂತವ
757,ದಪ್ಪ,thick,ದಪ್
758,ಸೈನಿಕ,soldier,ಸೈನಿಕಾ
759,ಪ್ರಕ್ರಿಯೆ,process,ಪ್ರಕ್ರಿಯ
760,ಕೆಲಸ,operate,ಕೆಲಸಾ
761,ಅಭ್ಯಾಸ,practice,ಅಭ್ಯಾಸಾ
762,ಪ್ರತ್ಯೇಕ,separate,ಪ್ರತ್ಯೇಕಅ
763,ಕಷ್ಟ,difficult,ಕಷ್ಟಾಾ
764,ವೈದ್ಯರು,doctor,ವೈದ್ಯರುವ
765,ದಯವಿಟ್ಟು,please,ದಯವಿಟ್ಟುಾ
766,ರಕ್ಷಿಸಲು,protect,ರಕ್ಷಿಸ
767,ಮಧ್ಯಾಹ್ನ,noon,ಮಧ್ಯಾಹ್ನಾ
768,ಬೆಳೆ,crop,ಬೆಳೆಾ
769,ಆಧುನಿಕ,modern,ಆಧುನಿ
770,ಅಂಶ,element,ಅಂಶಾ
771,ಹಿಟ್,hit,ಹಿಟ್ಾ
772,ವಿದ್ಯಾರ್ಥಿ,student,ವಿದ್ಯಾರ್ಥಿಾ
773,ಮೂಲೆಯಲ್ಲಿ,corner,ಮೂಲೆಯಲ್ಲಿಾ
774,ಪಕ್ಷದ,party,ಪಕ್ಷದಾ
775,ಪೂರೈಕೆ,supply,ಪೂರೈಕೆಾ
776,ಅವರ,whose,ಅವರಾ
777,ಪತ್ತೆ,locate,ಪತ್ತೆಾ
778,ರಿಂಗ್,ring,ರಿಂಗ್ಾ
779,ರ,character,ರಾ
780,ಕೀಟ,insect,ಕೀಟಾ
781,ಕ್ಯಾಚ್,caught,ಕ್ಯಾಚ್ಕ
782,ಅವಧಿ,period,ಅವಧಿಲ
783,ಸೂಚಿಸುತ್ತದೆ,indicate,ಸೂಚಿಸುತ್ತದೆಾ
784,ರೇಡಿಯೋ,radio,ರೇಡಿಯೋಾ
785,ಮಾತನಾಡಿದರು,spoke,ಮಾತನಾಡಿದರುಾ
786,ಪರಮಾಣು,atom,ಪರಮಾಣ
787,ಮಾನವ,human,ಮಾನ
788,ಇತಿಹಾಸ,history,ಇತಿಹಾ
789,ಪರಿಣಾಮ,effect,ಪರಿಣಾ
790,ವಿದ್ಯುತ್,electric,ವಿದ್ಯುತ್ಾ
791,ನಿರೀಕ್ಷೆ,expect,ನಿರೀಕ್ಷೆಾ
792,ಮೂಳೆ,bone,ಮೂಳೆಾ
793,ರೈಲು,rail,ರೈಲುಾ
794,ಕಲ್ಪನೆ,imagine,ಕಲ್ಪನ
795,ಒದಗಿಸಲು,provide,ಒದಗಿಸಲ
796,ಒಪ್ಪುತ್ತೇನೆ,agree,ಒದಗಿಸ
797,ಹೀಗೆ,thus,ಹೀಗ
798,ಶಾಂತ,gentle,ಶಾಂ
799,ಮಹಿಳೆ,woman,ಮಹಿಳ
800,ನಾಯಕ,captain,ನಾಯ
801,ಊಹೆ,guess,ಊಹಾ
802,ಅಗತ್ಯ,necessary,ಅಗತ್ಯಾ
803,ಚೂಪಾದ,sharp,ಚೂಪಾ
804,ರೆಕ್ಕೆ,wing,ರೆಕ್ಕೆಾ
805,ರಚಿಸಲು,create,ರಚಿಸಲ
806,ನೆರೆಯ,neighbor,ನೆರೆಯಾ
807,ಮುಖ,wash,ಮುಖಸ
808,ಬ್ಯಾಟ್,bat,ಬ್ಯಾಟ್ಾ
809,ಬದಲಿಗೆ,rather,ಬದಲಿಗ
810,ಗುಂಪು,crowd,ಗುಂಪ
811,ಕಾರ್ನ್,corn,ಕಾರ್ನ
812,ಹೋಲಿಸಿ,compare,ಹೋಲಿಸ
813,ಕವಿತೆಯ,poem,ಕವಿತೆ
814,ಸ್ಟ್ರಿಂಗ್,string,ಸ್ಟ್ರಿಂಗ
815,ಬೆಲ್,bell,ಬೆಲ
816,ಅವಲಂಬಿಸಿರುತ್ತದೆ,depend,ಅವಲಂಬಿಸಿರುತ್ತದಾ
817,ಮಾಂಸ,meat,ಮಾಂ
818,ರಬ್,rub,ರಬ
819,ಟ್ಯೂಬ್,tube,ಟ್ಯೂಬ
820,ಪ್ರಸಿದ್ಧ,famous,ಪ್ರಸಿದ್
921,ಡಾಲರ್,dollar,ಡಾಲರ
822,ಸ್ಟ್ರೀಮ್,stream,ಸ್ಟ್ರೀಮ
823,ಭಯ,fear,ಭಯಾ
284,ದೃಷ್ಟಿ,sight, ದೃಷ್ಟ
825,ತೆಳುವಾದ,thin,ತೆಳುವಾ
826,ತ್ರಿಕೋನ,triangle,ತ್ರಿಕೋ
827,ಗ್ರಹದ,planet,ಗ್ರಹ
828,ಯದ್ವಾತದ್ವಾ,hurry,ಯದ್ವಾತದ್ವ
829,ಮುಖ್ಯ,chief,ಮುಖ್
830,ವಸಾಹತು,colony,ವಸಾಹತ
831,ಗಡಿಯಾರ,clock,ಗಡಿಯಾ
832,ಗಣಿ,mine,ಗಣ
833,ಟೈ,tie,ಟೈಾ
834,ನಮೂದಿಸಿ,enter,ನಮೂದಿಸ
835,ಪ್ರಮುಖ,major,ಪ್ರಮು
836,ತಾಜಾ,fresh, ತಾಜ
837,ಹುಡುಕಾಟ,search,ಹುಡುಕಾ
838,ಕಳುಹಿಸಿ,send,ಕಳುಹಿಸ
839,ಹಳದಿ,yellow,ಹಳದ
840,ಗನ್,gun,ಗನ
841,ಅವಕಾಶ,allow,ಅವಕಾ
842,ಮುದ್ರಣ,print,ಮುದ್ರ
843,ಸತ್ತ,dead,ಸತ್
844,ಸ್ಪಾಟ್,spot,ಸ್ಪಾಟ್ಾ
845,ಮರುಭೂಮಿಯ,desert,ಮರುಭೂಮಿ
846,ಸೂಟ್,suit,ಸೂಟ
847,ಪ್ರಸ್ತುತ,current,ಪ್ರಸ್ತುಾ
848,ಲಿಫ್ಟ್,lift,ಲಿಫ್ಟ
840,ಗುಲಾಬಿ,rose,ಗುಲಾಬ
850,ಬರುವ,arrive,ಬರು
851,ಮಾಸ್ಟರ್,master, ಮಾಸ್ಟರ್ಾ
852,ಟ್ರ್ಯಾಕ್,track,ಟ್ರ್ಯಾಕ
853,ಮೂಲ,parent,ಮೂ
854,ತೀರದ,shore,ತೀರ
855,ವಿಭಾಗ,division,ವಿಭಾ
856,ಹಾಳೆ,sheet,ಹಾಳ
857,ವಸ್ತುವಿನ,substance,ವಸ್ತುವಿ
858,ಒಲವು,favor,ಒಲ
859,ಸಂಪರ್ಕ,connect,ಸಂಪರ್
860,ಪೋಸ್ಟ್,post, ಪೋಸ್ಟ
861,ಖರ್ಚು,spend,ಖರ್ಚುಾ
862,ಸ್ವರಮೇಳ,chord,ಸ್ವರಮೇಳಾ
863,ಕೊಬ್ಬು,fat,ಕೊಬ್ಬುಾ
864,ಸಂತೋಷವನ್ನು,glad,ಸಂತೋಷವನ್ನ
865,ಮೂಲ,original,ಮೂಲಾ
866,ಪಾಲು,share,ಪಾಲ
867,ಕೇಂದ್ರ,station,ಕೇಂದ್
868,ತಂದೆ,dad,ತಂದ
869,ಬ್ರೆಡ್,bread,ಬ್ರೆಡ್ಾ
870,ಚಾರ್ಜ್,charge,ಚಾರ್ಜ
871,ಸರಿಯಾದ,proper,ಸರಿಯಾ
872,ಬಾರ್,bar,v
873,ಪ್ರಸ್ತಾಪವನ್ನು,offer,ಪ್ರಸ್ತಾಪವನ್ನ
874,ಭಾಗ,segment, ಭಾಗಾ
875,ಗುಲಾಮ,slave,ಗುಲಾ
876,ಡಕ್,duck,ಡಕ
877,ತ್ವರಿತ,instant,ತ್ವರಿತಾ
878,ಮಾರುಕಟ್ಟೆ,market,ಮಾರುಕಟ್ಟ
879,ಪದವಿ,degree,ಪದವಿಾ
880,ಜನಪ್ರಿಯಗೊಳಿಸುವುದಕ್ಕೆ,populate,ಜನಪ್ರಿಯಗೊಳಿಸುವುದಕ್ಕ
881,ಮರಿಯನ್ನು,chick,ಮರಿಯನ್ನ
882,ಪ್ರಿಯ,dear,ಪ್ರಿಯಾ
883,ಶತ್ರು,enemy,ಶತ್ರ
884,ಪ್ರತ್ಯುತ್ತರ,reply,ಪ್ರತ್ಯುತ್ತ
885,ಪಾನೀಯ,drink,ಪಾನೀ
886,ಸಂಭವಿಸುತ್ತದೆ,occur,ಸಂಭವಿಸುತ್ತದ
887,ಬೆಂಬಲ,support,ಬೆಂಬ
888,ಭಾಷಣ,speech,ಭಾಷ
889,ಪ್ರಕೃತಿ,nature,ಪ್ರಕೃತಿಾ
890,ಶ್ರೇಣಿಯ,range,ಶ್ರೇಣಿ
891,ಉಗಿ,steam,ಉಗ
892,ಚಲನೆಯ,motion,ಚಲನೆಯಚ
893,ಮಾರ್ಗ,path,ಮಾರ್
894,ದ್ರವ,liquid,ದ್ರವಾ
895,ಲಾಗ್,log,ಲಾಗ
896,ಅರ್ಥ,meant,ಅರ್ಥಾ
897,ಭಾಗಲಬ್ಧ,quotient,ಭಾಗಲಬ್
898,ಹಲ್ಲುಗಳು,teeth,ಹಲ್ಲುಗಳ
899,ಚಿಪ್ಪು,shell,ಚಿಪ್ಪ
900,ಕುತ್ತಿಗೆ,neck,ಕುತ್ತಿಗ
901,ಆಮ್ಲಜನಕ,oxygen,ಆಮ್ಲಜನ
902,ಸಕ್ಕರೆ,sugar,ಸಕ್ಕರೆಾ
903,ಸಾವು,death,ಸಾವುಾ
904,ಬಹಳ,pretty,ಬಹ
905,ಕೌಶಲ್ಯ,skill,ಕೌಶಲ್
906,ಮಹಿಳೆಯರು,women,ಮಹಿಳೆಯರ
907,ಋತುವಿನ,season,ಋತುವಿ
908,ಪರಿಹಾರ,solution,ಋತುವಿಾ
909,ಮ್ಯಾಗ್ನೆಟ್,magnet,ಮ್ಯಾಗ್ನೆಟ
910,ಬೆಳ್ಳಿ,silver,ಬೆಳ್ಳ
911,ಧನ್ಯವಾದ,thank, ಧನ್ಯವಾ
912,ಶಾಖೆ,branch,ಶಾಖ
913,ಪಂದ್ಯದ,match,ಪಂದ್ಯ
914,ಪ್ರತ್ಯಯ,suffix,ಪ್ರತ್ಯ
915,ವಿಶೇಷವಾಗಿ,especially,ವಿಶೇಷವಾಗಿಾ
916,ಅಂಜೂರದ,fig,ಅಂಜೂರದವ
917,ಹೆದರುತ್ತಿದ್ದರು,afraid,ಹೆದರುತ್ತಿದ್ದರುಸ
918,ಬೃಹತ್,huge,ಬೃಹತ್ಾ
919,ಸಹೋದರಿ,sister,ಸಹೋದರ
920,ಉಕ್ಕಿನ,steel,ಉಕ್ಕಿನಾ
921,ಚರ್ಚೆ,discuss,ಚರ್ಚೆಾ
922,ಮುಂದೆ,forward,ಮುಂದೆಾ
923,ಇದೇ,similar,  ಇದೇಾ
924,ಮಾರ್ಗದರ್ಶನ,guide,ಮಾರ್ಗದರ್ಶನಾ
925,ಅನುಭವ,experience,ಅನುಭ
926,ಸ್ಕೋರ್,score,ಸ್ಕೋರ್ಾ
927,ಸೇಬು,apple,ಸೇಬುಾ
928,ಖರೀದಿಸಿ,bought,ಖರೀದಿಸ
929,ಕಾರಣವಾಯಿತು,led,ಕಾರಣವಾಯಿತ
930,ಪಿಚ್,pitch,ಪಿಚ್ಚ
931,ಕೋಟ್,coat,ಕೋಟ
932,ಸಮೂಹ,mass,ಸಮೂಹಾ
933,ಕಾರ್ಡ್,card,ಕಾರ್ಡ್ಾ
934,ಬ್ಯಾಂಡ್,band,ಬ್ಯಾಂಡ್ಾ
935,ಹಗ್ಗ,rope,ಹಗ್ಗಾ
936,ಸ್ಲಿಪ್,slip,ಸ್ಲಿಪ
937,ಗೆಲುವು,win,ಗೆಲುವ
938,ಕನಸು,dream,ಕನಸ
939,ಸಂಜೆ,evening,ಸಂಜ
940,ಸ್ಥಿತಿ,condition,ಸ್ಥಿತ
941,ಫೀಡ್,feed,ಫೀಡ
942,ಸಾಧನ,tool,ಸಾಧ
943,ಒಟ್ಟು,total,ಒಟ್ಟ
944,ಮೂಲ,basic,ಮೂ
945,ವಾಸನೆ,smell,ವಾಸನ
946,ಕಣಿವೆಯ,valley,ಕಣಿವೆ
947,ಅಥವಾ,nor,ಅಥವ
948,ಡಬಲ್,double,ಡಬಲ್ವ
949,ಸ್ಥಾನವನ್ನು,seat,ಸ್ಥಾನವನ್ನ
950,ಮುಂದುವರೆಯಲು,continue,ಮುಂದುವರೆಯಲ
951,ಬ್ಲಾಕ್,block,ಬ್ಲಾಕ
952,ಚಾರ್ಟ್,chart,ಚಾರ್
953,ಹ್ಯಾಟ್,hat,ಹ್ಯಾಟ
954,ಮಾರಾಟ,sell,ಮಾರಾ
955,ಯಶಸ್ಸು,success,ಯಶಸ್ಸ
956,ಕಂಪನಿ,company,ಕಂಪನಿಾ
957,ಕಳೆಯಿರಿ,subtract,ಕಳೆಯಿರ
958,ಈವೆಂಟ್,event,ಈವೆಂಟ್ವ
959,ನಿರ್ದಿಷ್ಟ,particular,ನಿರ್ದಿಷ್
960,ಒಪ್ಪಂದ,deal,ಒಪ್ಪಂದಾ
961,ಈಜು,swim,ಈಜುಾ
962,ಪದ,term,ಪದಾ
963,ವಿರುದ್ಧ,opposite,ವಿರುದ್
964,ಪತ್ನಿ,wife,ಪತ್ನ
965,ಶೂ,shoe,ಶೂಾ
966,ಭುಜದ,shoulder,ಭುಜದಾ
967,ಹರಡುವಿಕೆ,spread,ಹರಡುವಿ
968,ವ್ಯವಸ್ಥೆ,arrange,ವ್ಯವಸ್ಥ
969,ಶಿಬಿರದಲ್ಲಿ,camp,ಶಿಬಿರದಲ್ಲಿಾ
970,ಆವಿಷ್ಕಾರ,invent,ಆವಿಷ್ಕಾಾ
971,ಹತ್ತಿ,cotton,ಹತ್ತ
972,ಜನನ,born,ಜನನಾ
973,ನಿರ್ಧರಿಸಲು,determine,ನಿರ್ಧರಿಸಲ
974,ಕಾಲುಭಾಗ,quart,ಕಾಲುಭಾ
975,ಒಂಬತ್ತು,nine,ಒಂಬತ್ತ
976,ಟ್ರಕ್,truck,ಟ್ರಕ
977,ಶಬ್ದ,noise,ಶಬ್ದಾಾ
978,ಮಟ್ಟದ,level,ಮಟ್ಟ
979,ಅವಕಾಶ,chance,ಅವಕಾ
980,ಸಂಗ್ರಹಿಸಲು,gather,ಸಂಗ್ರಹಿಸಲ
981,ಅಂಗಡಿ,shop,ಅಂಗಡ
982,ಏರಿಕೆಯ,stretch,ಏರಿಕೆ
983,ಎಸೆಯಲು,throw,ಎಸೆಯಲುಾ
984,ಶೈನ್,shine,ಶೈನ್ಾ
985,ಆಸ್ತಿ,property,ಆಸ್ತಿಾ
986,ಕಾಲಮ್,column,ಕಾಲಮ್ಾ
987,ಅಣು,molecule,ಅಣ
988,ಆಯ್ಕೆ,select,ಆಯ್ಕ
989,ತಪ್ಪು,wrong,ತಪ್ಪ
990,ಬೂದು,gray,ಬೂದ
991,ಮತ್ತೆ,repeat,ಮತ್ತ
992,ಅಗತ್ಯವಿರುತ್ತದೆ,require,ಅಗತ್ಯವಿರುತ್ತದೆಾ
993,ವಿಶಾಲ,broad,ವಿಶಾ
994,ತಯಾರು,prepare,ತಯಾರ
995,ಉಪ್ಪು,salt,ಉಪ್ಪ
996,ಮೂಗು,nose,ಮೂಗ
997,ಬಹುವಚನ,plural,ಬಹುವಚ
998,ಕೋಪ,anger,ಕೋ
999,ಹಕ್ಕು,claim,ಹಕ್ಕ
1000,ಖಂಡದ,continent,ಖಂಡ
